timestamp_x,id,group_y,chronicity_y,region_y,home_country,current_country,freq_browser,freq_phone,length_use,freq_use,ability_find_tasks,promptly_find_tasks,text_search_preference,notification_preference,message_preference,understood,browsers,work_aids,fora,other_markets,other_markets_length_use,authority_comfort,collective_individual_scale,planning_scale,timeliness_scale,emotion_scale,success_rating,leadership_rating,leadership_preference,gender_preference,multitasking,short_term_plans,linear_work_style,plan_change_aversion,plan_change_adaptable,lateness_aversion,blank,spare_time_alone,commitment_others_over_self,close_over_casual_friends,internet_friends,support_from_friends,pandemic_effect_magnitude,chosen_task_completion_confidence,complex_task_completion_confidence,neutral,task_satisfaction_x,likelihood_continued_use,task_motivation,plugin_preference,only_one_country,education,gender,age,group,chronicity,region_x,timestamp_y,change_work,explain_change_work,create_new_work,explain_new_work,change_work_enjoyment,explain_change_work_enjoyment,create_new_experience,explain_new_experience,alert_usefulness,explain_alert_usefulness,work_style_change,likelihood_use,likelihood_use_in_page_alert,likelihood_use_in_browser_alert,likelihood_receive_msg_request,likelihood_receive_msg_worker,fav_thing,least_fav_thing,feature_change,further_participation,confidence_all_task_completion,confidence_hard_task,attention_check,task_satisfaction_y,future_toloka_use,best_attempt_on_tokola,plugin_assistance,comment
1/21/2022 17:28:48,6f1753e09611df5751d6abe4b1ca2724,all_features_treatment,Monochronic,global_north,United States,Kenya,Often,Rarely,Between 1 and 2 years,From three to four days a week,Agree,Strongly Agree,Strongly Agree,Strongly Agree,Strongly Agree,understood,Chrome,task in progress,no forum,Amazon Mechanical Turk,Between 3 and 6 months,4 - I feel more comfortable when working hierarchies and an authority.,5 - I made myself who I am today and I don't want to pay taxes for any citizen who is too lazy to support themselves. Every person has the right to do whatever they want with their lives. No one can judge me.,5 - I have the next several years of my life meticulously planned. My daily schedule runs with the regularity of a Swiss train. Life always should have basic rules of discipline that civilized people must adhere to.,"5 - When I am at work I try to make every single minute count. Effective time-management and precise, disciplined scheduling are the hallmarks of the superior executive. Schedules are basic and essential tools for adults.",4 - Emotion is inappropriate at work.,"5 - Success is purely a matter of desire, effort and discipline. There is no such thing as bad luck. Anybody can rise to unexpected levels of success if they simply believe in themselves and devote themselves unceasingly to work, work, work.","5 - I am a natural born leader. Everywhere I go, I end up as the leader. If you want things to be done right, you should just make me the boss immediately. I am also extremely modest.",3 - Evenly split between the two extremes.,3 - Evenly split between the two extremes.,5,4,4,5,3,4,,5,4,5,5,5,3,5,4,Neutral,Strongly Disagree,5,5,3,No,Trade/technical/vocational training,Female,25-34 years old,treatment,Monochronic,global_north,2/21/2022 3:34:21,4,more jobs than normal could be seen,3,it did not,4,loved features,5,everything changed,5,very useful,3,Very likely,Very likely,Very likely,Very likely,Very likely,made work easier,interface,nothing,Yes,5,4,Strongly disagree,Neutral,5,5,5,toloka should have some daily consistent jobs
1/22/2022 21:09:14,6b4cd1c49a60f0cd87c83910d58249,all_features_treatment,Monochronic,global_north,United States,United States,Always,Never,Between 1 and 3 months,Once or twice a week,Strongly Agree,Strongly Agree,Strongly Agree,Strongly Agree,Strongly Agree,understood,Chrome,Chrome,None,Amazon Mechanical Turk,More than 3 years,5 - Totally Comfortable. Having hierarchies is normal. People should in general respect and obey their superiors to have success and do their work better.,3 - Evenly split between the two extremes.,3 - Evenly split between the two extremes.,4 - Prefer tight schedules and no tolerance for lateness.,2 - Some emotional display at work is normal.,3 - Evenly split / Can't decide.,4 - I'm a good leader,3 - Evenly split between the two extremes.,3 - Evenly split between the two extremes.,1,2,4,5,3,5,,3,3,3,2,5,2,5,5,Neutral,Agree,5,5,3,Yes,Bachelor’s degree,Male,55-64 years old,treatment,Monochronic,global_north,2/21/2022 13:47:44,4,I checked it more often.,4,I checked it more often.,4,I felt more engaged.,3,I felt more engaged.,4,It let me know when payments were made.,3,Likely,Likely,Likely,Likely,Likely,Notifications when tasks were approved.,Nothing was a problem.,Nothing was a problem.,Yes,4,4,Strongly disagree,Slightly Agree,5,5,3,
1/23/2022 10:54:19,6ecf5c6464172449bad6820af297e50,all_features_treatment,Monochronic,global_north,United States,United States,Always,Always,Between 6 months and 1 year,Everyday,Strongly Agree,Strongly Agree,Strongly Agree,Strongly Agree,Strongly Agree,Sometimes,Chrome,google chrome,qoura,Amazon Mechanical Turk,More than 2 and 3 years,4 - I feel more comfortable when working hierarchies and an authority.,4 - I believe more in individualism.,4 - Preference for a very high degree of organization and planning,"5 - When I am at work I try to make every single minute count. Effective time-management and precise, disciplined scheduling are the hallmarks of the superior executive. Schedules are basic and essential tools for adults.",2 - Some emotional display at work is normal.,4 - With effort anyone can rise in the world.,"5 - I am a natural born leader. Everywhere I go, I end up as the leader. If you want things to be done right, you should just make me the boss immediately. I am also extremely modest.","5 - One who constantly intervenes, verifies, evaluates and corrects the work of subordinates. If employees do not know that an extremely demanding and meticulous boss is watching their every step, they tend to get lazy and sloppy.",1 - l strongly prefer working with women.,5,2,5,3,3,3,,5,5,3,3,2,1,5,4,Neutral,Strongly Agree,5,5,5,No,Master’s degree,Male,18-24 years old,treatment,Monochronic,global_north,2/20/2022 15:35:22,3,The plugin didn't change anything about my work in Toloka because I didn't receive notification about missions or my email.,5,"I complete any task that is available on Toluca, so I log in several times and monitor any new task",3,The plug-in didn't change anything in my performance on my mission in Toluca,3,The tool did not add much to my performance in Toluca,3,i didn't recieve any alerts,5,Neutral,Very likely,Very likely,Very likely,Very likely,i think its nothing,Lack of missions and notifications,nothing,Yes,5,5,Strongly disagree,Strongly agree,5,5,3,"First, I want the plugin to be a tool to provide more tasks and a link between the client and the providers"
1/26/2022 16:34:16,95d3785df122a99679fdd8cb4d6e4a0,all_features_treatment,Monochronic,global_north,United States,United States,Always,Rarely,Between 3 and 6 months,From five to six days a week,Strongly Agree,Strongly Agree,Strongly Agree,Strongly Agree,Strongly Agree,understood,Chrome,google,none,,Never,4 - I feel more comfortable when working hierarchies and an authority.,5 - I made myself who I am today and I don't want to pay taxes for any citizen who is too lazy to support themselves. Every person has the right to do whatever they want with their lives. No one can judge me.,"2 - Feel at home in loose, spontaneous, free-wheeling situations.","5 - When I am at work I try to make every single minute count. Effective time-management and precise, disciplined scheduling are the hallmarks of the superior executive. Schedules are basic and essential tools for adults.",3 - Evenly split / Can't decide,"5 - Success is purely a matter of desire, effort and discipline. There is no such thing as bad luck. Anybody can rise to unexpected levels of success if they simply believe in themselves and devote themselves unceasingly to work, work, work.",3 - Evenly split / Can't decide,"5 - One who constantly intervenes, verifies, evaluates and corrects the work of subordinates. If employees do not know that an extremely demanding and meticulous boss is watching their every step, they tend to get lazy and sloppy.",2 - Some preference for women,4,4,5,4,3,4,,5,3,5,3,4,5,5,4,Neutral,Strongly Agree,5,5,5,Yes,"Some college credit, no degree",Female,18-24 years old,treatment,Monochronic,global_north,2/20/2022 19:36:05,4,"Thanks to the plugin I could notice tasks that I didn't know were available, which was very helpful",3,I could do more tasks during the week but it didn't really change my schedule,3,It was a productive tool,4,It was a tool that helped me to improve my productivity,5,Very useful because they let you know every time there are tasks you might like to do,3,Very likely,Likely,Very likely,Likely,Likely,My favorite thing is that I was able to find more taks and even receive notificationes of my favorite ones,Maybe the amount of notifications that were sent at the same time,Improve the organization of the notifications,Yes,5,4,Strongly disagree,Strongly agree,5,5,4,
1/26/2022 16:51:05,32ae306c14a39c07f685ea94adf6475,all_features_treatment,Monochronic,global_north,United Kingdom,United Kingdom,Always,Sometimes,Between 3 and 6 months,Once or twice a week,Agree,Agree,Agree,Strongly Agree,Agree,understood,"Chrome, Firefox, Opera, Brave","Google, Bing, Wikipedia",,,Between 6 months and 1 year,4 - I feel more comfortable when working hierarchies and an authority.,2 - I believe more in collectivism or communitarianism.,3 - Evenly split between the two extremes.,2 - Prefer open schedules and accept that some lateness is just part of my business,2 - Some emotional display at work is normal.,"2 - The constraints of socio-economic status, inherited capital and biology are very strong, and the influence of luck or fate is often the key factor in a person or a company's success.",4 - I'm a good leader,1 - One who trusts employees to do their jobs as well as they can and who intervenes only when he/she is asked for help or when there is a major problem to solve. If you always micro-manage your employees they become timid and stop learning for themselves.,3 - Evenly split between the two extremes.,1,4,3,4,3,4,,4,3,3,2,2,1,4,4,Neutral,Slightly Agree,4,5,4,Yes,Master’s degree,Male,35-44 years old,treatment,Monochronic,global_north,2/20/2022 14:59:35,3,It didn't change how I work that much really but I did find myself doing more tasks just because I had the plugin in mind and was looking at the tasks available more often.,2,The plugin didn't really change my work schedule for doing tasks on Toloka.,4,"Since installing the plugin I felt more inclined to check out Toloka on a daily basis and by doing that I found a few more tasks that I usually wouldn't have seen, this meant I worked on a few more tasks and I enjoyed these.",4,I checked into Toloka more during the period the plugin was installed because I could see tasks in the plugin without having to visit the website.,4,"These are useful, it saves visiting the site to see new jobs but also lets you know when a new job arrives which you don't get without manually checking on the website.",2,Very likely,Very likely,Very likely,Very likely,Neutral,Showing the tasks without having to visit the site explicitly was useful and easier when doing other things in the browser just to check.,There's nothing that I disliked about the plugin.,Nothing I can think of needs removing.,Yes,4,4,Strongly disagree,Agree,4,5,5,Enjoyed this project and I am currently enjoying taking tasks on Toloka.
1/26/2022 18:31:49,69c0d3e67052b28759e150bca54f5f0,all_features_treatment,Monochronic,global_north,United States,United States,Always,Rarely,Between 1 and 3 months,From three to four days a week,Agree,Agree,Agree,Agree,Agree,understood,Chrome,none,none,Amazon Mechanical Turk,Never,5 - Totally Comfortable. Having hierarchies is normal. People should in general respect and obey their superiors to have success and do their work better.,4 - I believe more in individualism.,5 - I have the next several years of my life meticulously planned. My daily schedule runs with the regularity of a Swiss train. Life always should have basic rules of discipline that civilized people must adhere to.,"5 - When I am at work I try to make every single minute count. Effective time-management and precise, disciplined scheduling are the hallmarks of the superior executive. Schedules are basic and essential tools for adults.",5 - I never display emotion or anger at work. People who shout and cry at work are just acting like babies. Emotion can be absolutely fatal at work and can destroy years of work in an instant.,4 - With effort anyone can rise in the world.,4 - I'm a good leader,3 - Evenly split between the two extremes.,3 - Evenly split between the two extremes.,1,2,3,3,3,4,,3,4,5,3,3,5,4,4,Neutral,Agree,3,5,4,No,Master’s degree,Female,25-34 years old,treatment,Monochronic,global_north,2/21/2022 9:28:19,4,I like how the plugin notify me with new tasks and redirect me there with a link.,3,It makes things more efficient,4,The plugin makes it easier to know about new tasks,4,The plugin makes things much easier,4,I no longer need to check the website and refresh for new task alerts,3,Likely,Likely,Likely,Likely,Likely,,,,Yes,4,4,Strongly disagree,Agree,3,3,3,
1/26/2022 23:38:35,5fc991717e944f5142979e8878555271,all_features_treatment,Monochronic,global_north,United States,Kenya,Always,Never,Between 1 and 3 months,From five to six days a week,Strongly Agree,Strongly Agree,Strongly Agree,Strongly Agree,Strongly Agree,understood,Chrome,google chrome on desktop,facebook,,Never,5 - Totally Comfortable. Having hierarchies is normal. People should in general respect and obey their superiors to have success and do their work better.,5 - I made myself who I am today and I don't want to pay taxes for any citizen who is too lazy to support themselves. Every person has the right to do whatever they want with their lives. No one can judge me.,5 - I have the next several years of my life meticulously planned. My daily schedule runs with the regularity of a Swiss train. Life always should have basic rules of discipline that civilized people must adhere to.,"5 - When I am at work I try to make every single minute count. Effective time-management and precise, disciplined scheduling are the hallmarks of the superior executive. Schedules are basic and essential tools for adults.",5 - I never display emotion or anger at work. People who shout and cry at work are just acting like babies. Emotion can be absolutely fatal at work and can destroy years of work in an instant.,"5 - Success is purely a matter of desire, effort and discipline. There is no such thing as bad luck. Anybody can rise to unexpected levels of success if they simply believe in themselves and devote themselves unceasingly to work, work, work.","5 - I am a natural born leader. Everywhere I go, I end up as the leader. If you want things to be done right, you should just make me the boss immediately. I am also extremely modest.","5 - One who constantly intervenes, verifies, evaluates and corrects the work of subordinates. If employees do not know that an extremely demanding and meticulous boss is watching their every step, they tend to get lazy and sloppy.",5 - I strongly prefer working with men.,5,5,5,5,5,5,,5,5,5,5,5,1,5,5,Neutral,Neutral,5,5,5,No,Bachelor’s degree,Female,25-34 years old,treatment,Monochronic,global_north,2/22/2022 5:32:47,5,i used to multi task several tasks,5,i was able to plan my time of work on time,5,it was a good time doing the tasks,5,i got to experience new things,5,very impactly to my task performance in a positive way,3,Very likely,Very likely,Very likely,Very likely,Very likely,the alerts of new tasks,i liked everything cant complain,nothing,Yes,5,5,Strongly disagree,Strongly agree,5,5,5,it was good doing the survey.Thanks
1/29/2022 23:27:43,86a36fbbe35a283dee16ff8280e5ed5,all_features_treatment,Monochronic,global_north,United States,United States,Often,Often,Between 1 and 3 months,From five to six days a week,Neutral,Neutral,Agree,Strongly Agree,Agree,understood,"Chrome, Firefox",google search,none,,Less than a month,3 -  Can't Decide (Don't know if I like hierarchies and authority).,2 - I believe more in collectivism or communitarianism.,3 - Evenly split between the two extremes.,2 - Prefer open schedules and accept that some lateness is just part of my business,4 - Emotion is inappropriate at work.,4 - With effort anyone can rise in the world.,1 - I am extremely reluctant to be a leader and have no ambition for leadership. I don't want all that responsibility. I don't mind if someone else is the leader.,3 - Evenly split between the two extremes.,2 - Some preference for women,1,4,4,3,4,4,,3,4,3,4,4,2,4,3,Neutral,Agree,4,4,3,Yes,"Some college credit, no degree",Female,35-44 years old,treatment,Monochronic,global_north,2/20/2022 15:23:55,4,More tasks seemed available,4,Worked more in daytime,5,Created more success,4,General improvement in all areas,3,Seemed hit or miss,4,Likely,Likely,Likely,Likely,Neutral,Alerts-improved productivity,Alerts weren't always reliable,Nothing,Yes,5,4,Strongly disagree,Slightly Agree,4,5,5,
1/30/2022 23:43:43,12a018d67276e148c066f78ec99232ac,all_features_treatment,Monochronic,global_north,United States,United States,Always,Always,Between 6 months and 1 year,Everyday,Strongly Agree,Strongly Agree,Strongly Agree,Strongly Agree,Strongly Agree,understood,Chrome,"google, bing, amazon",yandex,LiveOps,Between 6 months and 1 year,3 -  Can't Decide (Don't know if I like hierarchies and authority).,5 - I made myself who I am today and I don't want to pay taxes for any citizen who is too lazy to support themselves. Every person has the right to do whatever they want with their lives. No one can judge me.,5 - I have the next several years of my life meticulously planned. My daily schedule runs with the regularity of a Swiss train. Life always should have basic rules of discipline that civilized people must adhere to.,"5 - When I am at work I try to make every single minute count. Effective time-management and precise, disciplined scheduling are the hallmarks of the superior executive. Schedules are basic and essential tools for adults.",4 - Emotion is inappropriate at work.,"5 - Success is purely a matter of desire, effort and discipline. There is no such thing as bad luck. Anybody can rise to unexpected levels of success if they simply believe in themselves and devote themselves unceasingly to work, work, work.",4 - I'm a good leader,4 - Close supervision better.,5 - I strongly prefer working with men.,3,3,3,5,1,5,,3,3,5,1,3,1,4,3,Neutral,Agree,5,5,5,No,Bachelor’s degree,Female,25-34 years old,treatment,Monochronic,global_north,2/20/2022 23:57:30,4,"Jobs are clearly listed. The App helps me to know all the information about the task like completion time, success rate, new task...but I still want to see my favorite job because I can complete it more easily.",4,I can't do it all because there are hard jobs,5,The work is clearly shown,4,fine,4,fine,5,Very likely,Very likely,Very likely,Very likely,Very likely,almost everything I need is there so more favorite quests,no favorite tasks,"add favorite task and add bell, add signal when there is an alert",Yes,4,3,Strongly disagree,Agree,5,5,4,
1/31/2022 1:21:03,3e276dee7587aa0b0db8d1aca5998c5,all_features_treatment,Monochronic,global_north,United States,United States,Often,Often,Between 3 and 6 months,Everyday,Agree,Agree,Agree,Strongly Agree,Strongly Agree,understood,"Chrome, Firefox, Opera",Google translate,Facebook Group: Yandex Toloka,"Amazon Mechanical Turk, Galaxy Zoo",More than 2 and 3 years,5 - Totally Comfortable. Having hierarchies is normal. People should in general respect and obey their superiors to have success and do their work better.,3 - Evenly split between the two extremes.,4 - Preference for a very high degree of organization and planning,2 - Prefer open schedules and accept that some lateness is just part of my business,2 - Some emotional display at work is normal.,"5 - Success is purely a matter of desire, effort and discipline. There is no such thing as bad luck. Anybody can rise to unexpected levels of success if they simply believe in themselves and devote themselves unceasingly to work, work, work.",4 - I'm a good leader,4 - Close supervision better.,3 - Evenly split between the two extremes.,3,4,5,4,2,5,,4,3,5,4,4,1,4,4,Neutral,Strongly Agree,3,5,4,Yes,Bachelor’s degree,Male,25-34 years old,treatment,Monochronic,global_north,2/20/2022 22:18:25,4,I recieved more tasks with more types,4,I arranged tasks easily,5,I am very happy when I recieved tasks from the plugin change,5,"I give me more tasks with high payment, give me more daily bonus.",5,I can get the tasks easily and give me more experiences.,5,Likely,Neutral,Likely,Likely,Very likely,It give me more easy tasks.,I did not recieve the daily bonus.,I will add more easy tasks with high payment.,Yes,5,5,Strongly disagree,Strongly agree,5,5,5,
1/22/2022 18:47:48,27fab4b7ccdc585dc35897de76e44a8c,all_features_treatment,Polychronic,global_south,Pakistan,Pakistan,Often,Sometimes,Between 3 and 6 months,From three to four days a week,Neutral,Agree,Agree,Neutral,Neutral,understood,Chrome,Google word finder,no where,LiveOps,Between 1 and 2 years,4 - I feel more comfortable when working hierarchies and an authority.,2 - I believe more in collectivism or communitarianism.,4 - Preference for a very high degree of organization and planning,4 - Prefer tight schedules and no tolerance for lateness.,4 - Emotion is inappropriate at work.,"5 - Success is purely a matter of desire, effort and discipline. There is no such thing as bad luck. Anybody can rise to unexpected levels of success if they simply believe in themselves and devote themselves unceasingly to work, work, work.",4 - I'm a good leader,4 - Close supervision better.,2 - Some preference for women,5,5,5,4,1,5,,4,4,4,5,1,4,4,4,Neutral,Slightly Agree,4,5,5,Yes,Bachelor’s degree,Male,18-24 years old,treatment,Polychronic,global_south,2/20/2022 15:21:27,4,I am satisfied with it but there should be a auto refresh so that it will be more awesome,4,It made me to remember to do the tasks,5,It engaged me more,5,It is good but it takes more time to load,4,It is very useful,4,Likely,Likely,Neutral,Unlikely,Neutral,It works as a shortcut way to do the tasks,It loads so much,It should be fast,Yes,5,4,Strongly disagree,Agree,4,5,4,Nice experience with the plugin but one thing is that there are some tasks which do not pay and these requesters are fooling the taskers. Kindly take a notice against this. This will be highly appreciable.
1/22/2022 18:48:06,356cd2c5f07830925f6a46ee42e9c748,all_features_treatment,Polychronic,global_south,Brazil,Brazil,Always,Always,More than 2 and 3 years,Everyday,Strongly Agree,Strongly Agree,Strongly Agree,Strongly Agree,Strongly Agree,Understood,"Chrome, Yandex, Kiwi","Tradutores, extensão",Grupos com empregados da yandex,LiveOps,Between 1 and 3 months,5 - Totally Comfortable. Having hierarchies is normal. People should in general respect and obey their superiors to have success and do their work better.,3 - Evenly split between the two extremes.,3 - Evenly split between the two extremes.,"5 - When I am at work I try to make every single minute count. Effective time-management and precise, disciplined scheduling are the hallmarks of the superior executive. Schedules are basic and essential tools for adults.",4 - Emotion is inappropriate at work.,"5 - Success is purely a matter of desire, effort and discipline. There is no such thing as bad luck. Anybody can rise to unexpected levels of success if they simply believe in themselves and devote themselves unceasingly to work, work, work.",4 - I'm a good leader,1 - One who trusts employees to do their jobs as well as they can and who intervenes only when he/she is asked for help or when there is a major problem to solve. If you always micro-manage your employees they become timid and stop learning for themselves.,3 - Evenly split between the two extremes.,4,3,5,4,5,5,,5,4,1,2,5,2,5,5,Neutral,Slightly Agree,5,5,5,Yes,"High school graduate, diploma or the equivalent (for example: GED)",Female,18-24 years old,treatment,Polychronic,global_south,2/24/2022 12:57:42,5,"Posso ver nas notificações, as tarefas que sempre faço e se estão disponíveis.",5,"Agora, eu vejo a notificação e começo a trabalhar logo",5,"A toloka está cada vez mais com trabalhos, então na hora que recebo uma notificação de trabalho novo, já corro pra fazer",5,Novos trabalhos diários,5,É muito bom saber sempre que tem uma tarefa disponível,5,Likely,Likely,Likely,Likely,Likely,As notificações diarias,Nada,Adicionaria mais notificação de trabalhos novos,Yes,5,5,Strongly disagree,Strongly agree,5,5,5,Adoraria que viessem mais tarefas bem pagas como a da amazon
1/22/2022 21:08:24,25daec93559c8d639738bb2c2d8f3194,all_features_treatment,Polychronic,global_south,Brazil,Brazil,Always,Always,Between 3 and 6 months,Everyday,Neutral,Disagree,Agree,Strongly Agree,Strongly Agree,understood,Chrome,"Google translate,youtube","none,i just see youtube videos",,More than 3 years,4 - I feel more comfortable when working hierarchies and an authority.,3 - Evenly split between the two extremes.,"2 - Feel at home in loose, spontaneous, free-wheeling situations.",2 - Prefer open schedules and accept that some lateness is just part of my business,2 - Some emotional display at work is normal.,"5 - Success is purely a matter of desire, effort and discipline. There is no such thing as bad luck. Anybody can rise to unexpected levels of success if they simply believe in themselves and devote themselves unceasingly to work, work, work.",3 - Evenly split / Can't decide,2 - Loose and trusting management is better.,3 - Evenly split between the two extremes.,2,2,4,5,2,3,,5,4,2,4,3,4,3,2,Neutral,Neutral,5,5,5,Yes,"High school graduate, diploma or the equivalent (for example: GED)",Male,25-34 years old,treatment,Polychronic,global_south,2/20/2022 16:50:36,2,It took a long time for the extension to activate,2,It didn't change anything because the extension took a long time to be activated and even when it was activated it doesn't show all the relevant tasks for me,1,nothing change,1,nothing change,4,alerts are very useful to know when you acquired a new skill and see new messages,3,Neutral,Likely,Likely,Very unlikely,Neutral,,,,Yes,3,4,Strongly disagree,Neutral,4,4,2,
1/23/2022 11:19:08,ae18ab1aea6162de2276501ad651b6,all_features_treatment,Polychronic,global_south,Venezuela,Venezuela,Always,Always,Between 1 and 3 months,From five to six days a week,Neutral,Neutral,Agree,Agree,Agree,Sometimes,Chrome,"traductor, calculator search bar",i always check for help in the toloka help section of the page,,Between 1 and 3 months,4 - I feel more comfortable when working hierarchies and an authority.,3 - Evenly split between the two extremes.,3 - Evenly split between the two extremes.,4 - Prefer tight schedules and no tolerance for lateness.,4 - Emotion is inappropriate at work.,4 - With effort anyone can rise in the world.,4 - I'm a good leader,3 - Evenly split between the two extremes.,3 - Evenly split between the two extremes.,4,3,4,5,2,5,,3,3,5,4,4,3,4,3,Neutral,Strongly Agree,4,5,5,Yes,"Some college credit, no degree",Male,35-44 years old,treatment,Polychronic,global_south,2/21/2022 19:19:52,3,i work a lot with Toloka so barely i had to use the plugin,3,i´m always searching works in toloka,3,its a nice way to stay even more alert for works in Toloka,3,it was a nice tool,4,it is nice in case that i forget to search works in toloka,4,Unlikely,Likely,Likely,Very likely,Very likely,how friendly the interface is,the inactive period of the tool,nothing it´s a relly well made plugin,Yes,4,4,Strongly disagree,Agree,5,4,3,keep doing a great job. Also more tasks/works it will be nice
1/23/2022 11:56:06,f3cc482e6ec9e826e94d25d3aaa4bd9,all_features_treatment,Polychronic,global_south,Kenya,Kenya,Always,Rarely,Between 1 and 3 months,Everyday,Agree,Neutral,Strongly Agree,Strongly Agree,Strongly Agree,understood,"Chrome, Firefox, Opera",Google,Requester inbox.,,Never,2 - I feel more comfortable NOT working within hierarchies and an authority.,"1 - My neighbors, colleagues, and friends are all part of my extended family, we are just like fingers on one hand.  We all owe a duty to each other.",5 - I have the next several years of my life meticulously planned. My daily schedule runs with the regularity of a Swiss train. Life always should have basic rules of discipline that civilized people must adhere to.,"5 - When I am at work I try to make every single minute count. Effective time-management and precise, disciplined scheduling are the hallmarks of the superior executive. Schedules are basic and essential tools for adults.",2 - Some emotional display at work is normal.,"5 - Success is purely a matter of desire, effort and discipline. There is no such thing as bad luck. Anybody can rise to unexpected levels of success if they simply believe in themselves and devote themselves unceasingly to work, work, work.","5 - I am a natural born leader. Everywhere I go, I end up as the leader. If you want things to be done right, you should just make me the boss immediately. I am also extremely modest.",1 - One who trusts employees to do their jobs as well as they can and who intervenes only when he/she is asked for help or when there is a major problem to solve. If you always micro-manage your employees they become timid and stop learning for themselves.,3 - Evenly split between the two extremes.,3,1,5,4,4,5,,5,2,2,3,4,4,5,4,Neutral,Slightly Agree,5,5,5,Yes,Bachelor’s degree,Male,18-24 years old,treatment,Polychronic,global_south,2/21/2022 9:50:26,4,It allowed me to get notified of new tasks by my fav requesters and also reduces monotony.,4,I was able to reschedule myself and ensure i did a task everyday,4,It made my tasking interesting by letting me know the pay for each task,5,Notifications make it more formal.,4,no need to log in to workplace to know the available tasks,5,Likely,Very likely,Very likely,Very likely,Very likely,,,,Yes,5,5,Strongly disagree,Agree,5,5,5,Excellent feature.
1/23/2022 17:48:28,889a287c6220a3d0698868dc7ac7243f,all_features_treatment,Polychronic,global_south,Morocco,Morocco,Sometimes,Always,Between 6 months and 1 year,Everyday,Agree,Neutral,Strongly Agree,Agree,Agree,understood,Chrome,filters - notification,toloka yandex international,Amazon Mechanical Turk,Never,4 - I feel more comfortable when working hierarchies and an authority.,3 - Evenly split between the two extremes.,"2 - Feel at home in loose, spontaneous, free-wheeling situations.",4 - Prefer tight schedules and no tolerance for lateness.,3 - Evenly split / Can't decide,4 - With effort anyone can rise in the world.,4 - I'm a good leader,3 - Evenly split between the two extremes.,3 - Evenly split between the two extremes.,4,4,3,4,2,3,3,4,3,2,4,4,4,3,4,Agree,Slightly Agree,5,5,4,Yes,Bachelor’s degree,Male,25-34 years old,treatment,Polychronic,global_south,2/20/2022 21:51:15,4,the plugin facilitate working on the  tasks,2,daos not make a big difference,2,same as before,4,yes it s a good tool that help to do more tsks,3,its good,4,Likely,Neutral,Likely,Likely,Neutral,,,,Yes,3,2,Strongly disagree,Neutral,4,5,4,we can not hold tsks to do it later please add this option and give us the possibility to see future tasks especially favorite tasks and thank you .
1/23/2022 19:37:43,3741da8e9dd5e15f64a570dbb218a7,all_features_treatment,Polychronic,global_south,India,India,Always,Often,Between 1 and 2 years,Everyday,Strongly Agree,Strongly Agree,Strongly Agree,Strongly Agree,Strongly Agree,understood,Chrome,google,quora,Amazon Mechanical Turk,More than 3 years,5 - Totally Comfortable. Having hierarchies is normal. People should in general respect and obey their superiors to have success and do their work better.,"1 - My neighbors, colleagues, and friends are all part of my extended family, we are just like fingers on one hand.  We all owe a duty to each other.",4 - Preference for a very high degree of organization and planning,"5 - When I am at work I try to make every single minute count. Effective time-management and precise, disciplined scheduling are the hallmarks of the superior executive. Schedules are basic and essential tools for adults.",5 - I never display emotion or anger at work. People who shout and cry at work are just acting like babies. Emotion can be absolutely fatal at work and can destroy years of work in an instant.,4 - With effort anyone can rise in the world.,4 - I'm a good leader,1 - One who trusts employees to do their jobs as well as they can and who intervenes only when he/she is asked for help or when there is a major problem to solve. If you always micro-manage your employees they become timid and stop learning for themselves.,3 - Evenly split between the two extremes.,3,3,5,5,5,5,,5,5,5,3,3,5,5,5,Neutral,Slightly Agree,5,5,5,Yes,Master’s degree,Male,45-54 years old,treatment,Polychronic,global_south,2/20/2022 19:17:09,5,easy to findd available tasks,5,one could easily find the available jobs,5,faster access,5,faster access,5,find jobs,5,Very likely,Very likely,Very likely,Very likely,Very likely,the jobs access,none,none,Yes,5,5,Strongly disagree,Agree,5,5,5,no
1/24/2022 13:26:20,fbd2ee5b8dcfa3d939cb5df1a92552,all_features_treatment,Polychronic,global_south,Kenya,Kenya,Always,Always,Between 6 months and 1 year,Everyday,Neutral,Disagree,Strongly Agree,Strongly Agree,Strongly Agree,understood,"Chrome, Opera",chrome browser,reddit,,Never,5 - Totally Comfortable. Having hierarchies is normal. People should in general respect and obey their superiors to have success and do their work better.,"1 - My neighbors, colleagues, and friends are all part of my extended family, we are just like fingers on one hand.  We all owe a duty to each other.",4 - Preference for a very high degree of organization and planning,"5 - When I am at work I try to make every single minute count. Effective time-management and precise, disciplined scheduling are the hallmarks of the superior executive. Schedules are basic and essential tools for adults.",4 - Emotion is inappropriate at work.,4 - With effort anyone can rise in the world.,4 - I'm a good leader,4 - Close supervision better.,4 - Some preference for men,3,2,5,3,5,4,,2,2,5,2,5,3,5,5,Neutral,Strongly Agree,5,5,5,No,Bachelor’s degree,Male,18-24 years old,treatment,Polychronic,global_south,2/24/2022 16:56:10,5,"I liked it, it improved the productivity",5,"Through the notification settings, it saved alot of time",2,Low pay is still the biggest concern,3,Not much,5,Very useful,3,Very likely,Very likely,Very likely,Very likely,Very likely,Notifying when there are new tasks,Nothing,Emphasize on effective notification,Yes,5,5,Strongly agree,Strongly agree,5,5,5,"Maybe a comment on the payment on the site, its quite low and not competitive"
1/24/2022 15:02:33,d3b3aaccd59dbdb3385a06dba56113,all_features_treatment,Polychronic,global_south,Brazil,Brazil,Always,Always,Between 6 months and 1 year,Everyday,Strongly Agree,Agree,Agree,Strongly Agree,Strongly Agree,Always,Chrome,google translate,site reddit,,Never,2 - I feel more comfortable NOT working within hierarchies and an authority.,4 - I believe more in individualism.,3 - Evenly split between the two extremes.,2 - Prefer open schedules and accept that some lateness is just part of my business,2 - Some emotional display at work is normal.,"2 - The constraints of socio-economic status, inherited capital and biology are very strong, and the influence of luck or fate is often the key factor in a person or a company's success.",4 - I'm a good leader,1 - One who trusts employees to do their jobs as well as they can and who intervenes only when he/she is asked for help or when there is a major problem to solve. If you always micro-manage your employees they become timid and stop learning for themselves.,3 - Evenly split between the two extremes.,1,3,5,5,3,5,,3,1,3,1,2,5,4,4,Neutral,Strongly Agree,5,5,5,Yes,"High school graduate, diploma or the equivalent (for example: GED)",Male,25-34 years old,treatment,Polychronic,global_south,2/20/2022 16:25:42,4,Tool much good for remeber tasks.,5,Many times of the day.,5,Changed all for better.,5,Create new mode to do tasks more efficient.,5,Much useful for daily work.,4,Very likely,Very likely,Very likely,Likely,Likely,,,,Yes,5,4,Strongly disagree,Strongly agree,5,5,5,
1/24/2022 16:57:13,71ba89843f2946e88698e3b5467d9,all_features_treatment,Polychronic,global_south,Kenya,Kenya,Often,Sometimes,Between 6 months and 1 year,Everyday,Agree,Neutral,Agree,Strongly Agree,Strongly Agree,understood,Chrome,Google,Telegram,,Never,4 - I feel more comfortable when working hierarchies and an authority.,3 - Evenly split between the two extremes.,3 - Evenly split between the two extremes.,2 - Prefer open schedules and accept that some lateness is just part of my business,3 - Evenly split / Can't decide,4 - With effort anyone can rise in the world.,3 - Evenly split / Can't decide,1 - One who trusts employees to do their jobs as well as they can and who intervenes only when he/she is asked for help or when there is a major problem to solve. If you always micro-manage your employees they become timid and stop learning for themselves.,3 - Evenly split between the two extremes.,2,4,3,3,3,3,,5,4,5,3,4,5,5,3,Neutral,Strongly Agree,4,5,4,No,Bachelor’s degree,Female,25-34 years old,treatment,Polychronic,global_south,2/21/2022 0:25:03,1,It did not introduce any  new tasks,1,there weren't a lot of new tasks introduced by the plugin,1,It didn't make a difference,1,I didn't experience new things,2,not many jobs were coming in,3,Neutral,Likely,Likely,Very likely,Neutral,,,,Yes,4,3,Strongly disagree,Disagree,3,5,3,
1/26/2022 23:36:33,c8136de0d23979b64c985c7c1abb6c,all_features_treatment,Polychronic,global_south,Myanmar,Myanmar,Always,Always,Between 1 and 3 months,Everyday,Strongly Agree,Strongly Agree,Agree,Agree,Agree,understood,Chrome,I don't happen to need no tools,"facebook,reddit",,Between 6 months and 1 year,1 - NOT Comfortable AT ALL. I don't like people with titles or money to act superior with me.,3 - Evenly split between the two extremes.,"2 - Feel at home in loose, spontaneous, free-wheeling situations.",1 - I don't plan anything. I just show up. It is important to be able to deal with disruptions and delays without getting upset. People who are addicted to clocks and schedules are unhealthy.,"1 - I do get angry when necessary with subordinates, colleagues, customers, or even strangers. Sometimes in life the only way to get people to understand that you're serious is to raise your voice and pound the table.","5 - Success is purely a matter of desire, effort and discipline. There is no such thing as bad luck. Anybody can rise to unexpected levels of success if they simply believe in themselves and devote themselves unceasingly to work, work, work.",1 - I am extremely reluctant to be a leader and have no ambition for leadership. I don't want all that responsibility. I don't mind if someone else is the leader.,3 - Evenly split between the two extremes.,3 - Evenly split between the two extremes.,4,3,2,3,4,4,,4,3,5,4,3,2,4,4,Neutral,Slightly Agree,5,5,4,No,"High school graduate, diploma or the equivalent (for example: GED)",Male,18-24 years old,treatment,Polychronic,global_south,2/20/2022 21:49:21,1,I think plugin does have some kind of bugs.It notifies from user tasks which not available to me,1,no It does not create yet,3,if it works well it can be enjoy,3,great if notifies task from users are available,5,great it will be useful,3,Likely,Likely,Likely,Likely,Likely,notifies available tasks from users i was to say,at now state it is not notified me just notifies me for one day,adding message from users and that tasks are available will be good,Yes,4,4,Disagree,Slightly Agree,5,4,2,i want to say about toloka.I think task shortages is really annoying and tasks are not equally available i think please fix this
1/27/2022 10:23:17,414169349440a08f907a241578f76689,all_features_treatment,Polychronic,global_south,Venezuela,United States,Always,Never,Between 3 and 6 months,Everyday,Agree,Strongly Agree,Agree,Strongly Agree,Agree,understood,Chrome,PC,none,,Never,4 - I feel more comfortable when working hierarchies and an authority.,3 - Evenly split between the two extremes.,3 - Evenly split between the two extremes.,2 - Prefer open schedules and accept that some lateness is just part of my business,2 - Some emotional display at work is normal.,4 - With effort anyone can rise in the world.,4 - I'm a good leader,2 - Loose and trusting management is better.,2 - Some preference for women,1,3,4,3,3,2,,5,3,5,2,4,1,4,4,Neutral,Strongly Agree,4,4,3,No,Bachelor’s degree,Female,55-64 years old,treatment,Polychronic,global_south,2/20/2022 19:47:53,4,"During the period there were not many tasks in Toloka, so I could not take better advantage of the plugin",4,I logged in more times a day,4,"By having notifications, I was able to get more out of tasks",4,"If during the period of time that the plugin lasted they would have placed more tasks, it would have been wonderful.",5,It's great to have a notification when there are new tasks,4,Very likely,Very likely,Very likely,Very likely,Likely,Having a notification when there are new tasks,I like all,Nothing,Yes,4,4,Strongly disagree,Strongly agree,5,5,4,"I consider that the instructions given for carrying out the tasks should be examined. Many times they are insufficient or unclear, which leads to mistakes."
1/27/2022 9:58:29,4adad1b7b5717858cc36aed27ec3acf7,all_features_treatment,Polychronic,global_south,Dominican Republic,United States,Always,Often,Between 3 and 6 months,Everyday,Agree,Agree,Strongly Agree,Strongly Agree,Strongly Agree,understood,Chrome,"Task filters, Category filters",Reddit,,Between 1 and 2 years,4 - I feel more comfortable when working hierarchies and an authority.,4 - I believe more in individualism.,4 - Preference for a very high degree of organization and planning,4 - Prefer tight schedules and no tolerance for lateness.,2 - Some emotional display at work is normal.,4 - With effort anyone can rise in the world.,3 - Evenly split / Can't decide,2 - Loose and trusting management is better.,3 - Evenly split between the two extremes.,2,3,4,4,2,5,,4,3,3,2,2,2,5,4,Neutral,Strongly Agree,5,5,5,No,Bachelor’s degree,Male,25-34 years old,treatment,Polychronic,global_south,2/20/2022 21:12:26,3,I didn't take new tasks because of the plugin,2,plugin didn't affect my schedule,4,It was easier to check on tasks using the plug in,4,Overall it was a positive experience,1,I didn't get any alerts from the plug in,4,Very likely,Likely,Very likely,Very likely,Neutral,The interface,,no alarms,Yes,5,5,Strongly disagree,Strongly agree,4,5,4,I really liked the interface
1/29/2022 18:35:21,7efc45e5132625d5314ddfc349384541,all_features_treatment,Polychronic,global_south,Morocco,Morocco,Often,Always,Between 6 months and 1 year,Everyday,Strongly disagree,Neutral,Neutral,Strongly disagree,Strongly disagree,understood,"Chrome, Firefox",search engines,I don't visit any forums,,Between 1 and 2 years,2 - I feel more comfortable NOT working within hierarchies and an authority.,4 - I believe more in individualism.,"2 - Feel at home in loose, spontaneous, free-wheeling situations.",2 - Prefer open schedules and accept that some lateness is just part of my business,2 - Some emotional display at work is normal.,4 - With effort anyone can rise in the world.,3 - Evenly split / Can't decide,2 - Loose and trusting management is better.,2 - Some preference for women,2,2,3,4,5,3,,5,4,1,1,1,1,5,4,Neutral,Slighly Disagree,5,5,2,Yes,Bachelor’s degree,Male,35-44 years old,treatment,Polychronic,global_south,2/20/2022 15:08:31,1,It didn't changed much of my work on Toloka. I barely used it because whenever i want to do tasks i go to the main website directly.,1,I work on tasks whenever i want or when my favorite tasks available.,3,I always enjoy my work on toloka but i Believe the plugin would be a great extension to the main platform. I would enjoy my work a little more.,3,Not much. But i think it is good to have a plugin that will notify me about tasks.,4,That is the most interesting thing about it. I like receiving notifications about tasks availability.,3,Neutral,Likely,Very likely,Likely,Likely,I liked the notifications about tasks. But it needs more improvement on that side.,The interface,I would add a user-friendly and more appealing interface.,Yes,5,3,Strongly agree,Slightly Agree,5,5,2,"It would be really helpful if there are a lot more tasks on toloka to do.
Whenever i'm doing tasks and i notice an error or a mistake appears. It is hard to notify the requester and explain on which page or task the error happened.
It would be great if you can add a feature to properly notify the requester about the error like when it happened and where. "
1/30/2022 10:32:16,518cd56975ccc59032da3137d845c6b,all_features_treatment,Polychronic,global_south,Egypt,Egypt,Always,Rarely,Between 1 and 2 years,From five to six days a week,Strongly Agree,Strongly Agree,Strongly Agree,Strongly Agree,Strongly Agree,understood,Chrome,"google search , google translation",Quora,Amazon Mechanical Turk,Between 3 and 6 months,2 - I feel more comfortable NOT working within hierarchies and an authority.,2 - I believe more in collectivism or communitarianism.,4 - Preference for a very high degree of organization and planning,2 - Prefer open schedules and accept that some lateness is just part of my business,2 - Some emotional display at work is normal.,4 - With effort anyone can rise in the world.,4 - I'm a good leader,1 - One who trusts employees to do their jobs as well as they can and who intervenes only when he/she is asked for help or when there is a major problem to solve. If you always micro-manage your employees they become timid and stop learning for themselves.,4 - Some preference for men,5,3,5,5,5,5,,5,5,5,3,5,5,4,4,Neutral,Strongly Agree,5,5,5,No,Bachelor’s degree,Male,35-44 years old,treatment,Polychronic,global_south,2/19/2022 13:08:36,5,helps search tasks,5,it made me adjust my timing to complete tasks,5,finding convenient tasks,5,made interact more with toloka tasks,5,welcomed and easy to use,5,Very likely,Very likely,Very likely,Very likely,Neutral,get notified about tasks,worker recommendations popups,add a tab to view and withdraw money from toloka,Yes,4,4,Strongly disagree,Strongly agree,4,5,5,great plugin
2/12/2022 17:41:03,1d879cab6a4b14427458d7fa73a8e090,only_page_control,Monochronic,global_north,United States,United States,Always,Rarely,Between 1 and 2 years,From three to four days a week,Strongly Agree,Strongly Agree,Strongly Agree,Strongly Agree,Strongly Agree,understood,Chrome,I don't think I have any,I don't,,Never,5 - Totally Comfortable. Having hierarchies is normal. People should in general respect and obey their superiors to have success and do their work better.,3 - Evenly split between the two extremes.,3 - Evenly split between the two extremes.,3 - Evenly split / Can't decide,4 - Emotion is inappropriate at work.,4 - With effort anyone can rise in the world.,3 - Evenly split / Can't decide,1 - One who trusts employees to do their jobs as well as they can and who intervenes only when he/she is asked for help or when there is a major problem to solve. If you always micro-manage your employees they become timid and stop learning for themselves.,4 - Some preference for men,2,5,5,5,2,5,,5,5,4,1,1,1,4,4,Neutral,Agree,5,5,3,Yes,"Some college credit, no degree",Female,18-24 years old,control,Monochronic,global_north,3/3/2022 15:28:03,1,"It didn't ever work, so it couldn't affect how I did my work.",1,The plugin didn't work.,1,The plugin didn't work.,2,"I mean, I got to spend a minute every day filling out a form to say that it wasn't working, but other than that, no.",1,Didn't get any,1,Neutral,Very likely,Very unlikely,Very likely,Neutral,"The premise seems nice - being able to see when there is a new task, particularly if it's one I like.","It didn't work, so I didn't get to try out any of the features.",I would want it to actually work.,Yes,4,4,Strongly disagree,Agree,5,5,1,Glad I still got paid even though it didn't work
2/13/2022 0:49:56,748688a097f2efa5eb772fead493e52,only_page_control,Monochronic,global_north,United States,United States,Often,Often,Between 6 months and 1 year,Once or twice a week,Agree,Strongly Agree,Agree,Strongly Agree,Strongly Agree,understood,Chrome,i can't think of ay,reddit,,Never,5 - Totally Comfortable. Having hierarchies is normal. People should in general respect and obey their superiors to have success and do their work better.,"1 - My neighbors, colleagues, and friends are all part of my extended family, we are just like fingers on one hand.  We all owe a duty to each other.",4 - Preference for a very high degree of organization and planning,"5 - When I am at work I try to make every single minute count. Effective time-management and precise, disciplined scheduling are the hallmarks of the superior executive. Schedules are basic and essential tools for adults.",2 - Some emotional display at work is normal.,4 - With effort anyone can rise in the world.,4 - I'm a good leader,3 - Evenly split between the two extremes.,3 - Evenly split between the two extremes.,1,3,4,3,4,5,,5,4,5,3,4,3,5,5,Neutral,Agree,4,5,4,Yes,"Some college credit, no degree",Female,25-34 years old,control,Monochronic,global_north,3/6/2022 9:58:57,2,It didn't hardly do anything,1,It didn't really do anything,2,I thought it would be cool if it worked more,2,It was a new thing to try,5,It would have been useful,3,Likely,Likely,Likely,Likely,Likely,It would offer more opportunities to earn,It didn't alert,More ways to earn,Yes,5,5,Strongly disagree,Strongly agree,5,5,5,No
2/13/2022 12:59:05,e4991b4c586ddf9d8678278e5f348f,only_page_control,Monochronic,global_south,South Africa,South Africa,Often,Always,Between 3 and 6 months,Everyday,Agree,Agree,Strongly Agree,Agree,Agree,understood,Chrome,filter tools,no forum,,Between 3 and 6 months,5 - Totally Comfortable. Having hierarchies is normal. People should in general respect and obey their superiors to have success and do their work better.,5 - I made myself who I am today and I don't want to pay taxes for any citizen who is too lazy to support themselves. Every person has the right to do whatever they want with their lives. No one can judge me.,4 - Preference for a very high degree of organization and planning,"5 - When I am at work I try to make every single minute count. Effective time-management and precise, disciplined scheduling are the hallmarks of the superior executive. Schedules are basic and essential tools for adults.",4 - Emotion is inappropriate at work.,4 - With effort anyone can rise in the world.,"5 - I am a natural born leader. Everywhere I go, I end up as the leader. If you want things to be done right, you should just make me the boss immediately. I am also extremely modest.",2 - Loose and trusting management is better.,3 - Evenly split between the two extremes.,2,4,4,4,4,4,,4,4,3,3,3,2,4,4,Neutral,Slightly Agree,5,4,4,No,"High school graduate, diploma or the equivalent (for example: GED)",Male,25-34 years old,control,Monochronic,global_south,3/7/2022 2:02:57,4,i was able to perform tasks directly from the plugin which was faster than having to open the site first,4,"since i was paid at a specific time, i maintained the same time for the other tasks as well so as to get the most out of the surveys",4,i had fun,4,it was easy to work with,4,very useful,4,Very likely,Very likely,Very likely,Likely,Likely,,,,Yes,5,4,Disagree,Agree,5,5,4,
2/13/2022 9:49:35,9b9ba913655727a73581c5131ef440,only_page_control,Monochronic,global_north,United States,Morocco,Often,Rarely,Less than a month,Everyday,Strongly disagree,Strongly disagree,Disagree,Strongly disagree,Strongly disagree,Sometimes,Chrome,search plugin,"youtube, facebook",,Never,2 - I feel more comfortable NOT working within hierarchies and an authority.,2 - I believe more in collectivism or communitarianism.,"2 - Feel at home in loose, spontaneous, free-wheeling situations.",2 - Prefer open schedules and accept that some lateness is just part of my business,2 - Some emotional display at work is normal.,4 - With effort anyone can rise in the world.,4 - I'm a good leader,3 - Evenly split between the two extremes.,2 - Some preference for women,3,3,4,3,4,4,,4,3,4,4,4,5,4,4,Neutral,Agree,5,5,5,No,Master’s degree,Male,18-24 years old,control,Monochronic,global_north,3/4/2022 3:50:24,3,its a good option but you should add scroll bar to dashboard if the number of tasks per page more than 10,3,its makes easy to acces to the tasks,4,good idea to do daily tasks,4,make tasks easyer,2,the alerts not clear,4,Neutral,Neutral,Very likely,Very likely,Very likely,easy to use,"there is no scroll bar, if we have a lot of tasks they did not look good and hard to fin tasks with it","i can add scrol bar and favorite for sorting tasks, notification when a new task was added",Yes,3,4,Strongly disagree,Agree,5,5,4,"firstuful good luck for research team, it's really an interesting idea, big thanks for toloka also for giving me this opportunity to participate in this study"
2/14/2022 14:03:51,13ca42646efae28cdcd2a9979e7d652e,only_page_control,Monochronic,global_north,United Kingdom,United Kingdom,Always,Never,Between 6 months and 1 year,From five to six days a week,Agree,Neutral,Neutral,Agree,Agree,understood,"Chrome, Firefox",None,None,,Never,3 -  Can't Decide (Don't know if I like hierarchies and authority).,2 - I believe more in collectivism or communitarianism.,3 - Evenly split between the two extremes.,3 - Evenly split / Can't decide,4 - Emotion is inappropriate at work.,"2 - The constraints of socio-economic status, inherited capital and biology are very strong, and the influence of luck or fate is often the key factor in a person or a company's success.",1 - I am extremely reluctant to be a leader and have no ambition for leadership. I don't want all that responsibility. I don't mind if someone else is the leader.,3 - Evenly split between the two extremes.,3 - Evenly split between the two extremes.,3,4,4,4,3,4,,3,3,2,2,2,1,4,3,Neutral,Agree,3,4,,Yes,"Some high school, no diploma",Male,18-24 years old,control,Monochronic,global_north,3/3/2022 14:22:59,1,None of the task I was offered during the time of me having the extension added seemed worth completing,1,Same reason as before; not many good tasks,1,Didn't use the plugin much for tasks,1,Didn't use the plugin much for tasks,1,Didn't notice any alerts,1,Neutral,Unlikely,Unlikely,Neutral,Unlikely,Showing time spent on Toloka,,,Yes,4,3,Strongly disagree,Agree,2,4,2,
2/14/2022 3:53:10,2ff051a735a3c5fcbde7c3d89dd0cdd4,only_page_control,Monochronic,global_north,United States,United States,Always,Always,More than 3 years,Everyday,Agree,Agree,Agree,Agree,Agree,Always,Chrome,Rhode tools,Jerry,Amazon Mechanical Turk,Between 6 months and 1 year,5 - Totally Comfortable. Having hierarchies is normal. People should in general respect and obey their superiors to have success and do their work better.,4 - I believe more in individualism.,4 - Preference for a very high degree of organization and planning,"5 - When I am at work I try to make every single minute count. Effective time-management and precise, disciplined scheduling are the hallmarks of the superior executive. Schedules are basic and essential tools for adults.",5 - I never display emotion or anger at work. People who shout and cry at work are just acting like babies. Emotion can be absolutely fatal at work and can destroy years of work in an instant.,"5 - Success is purely a matter of desire, effort and discipline. There is no such thing as bad luck. Anybody can rise to unexpected levels of success if they simply believe in themselves and devote themselves unceasingly to work, work, work.","5 - I am a natural born leader. Everywhere I go, I end up as the leader. If you want things to be done right, you should just make me the boss immediately. I am also extremely modest.",1 - One who trusts employees to do their jobs as well as they can and who intervenes only when he/she is asked for help or when there is a major problem to solve. If you always micro-manage your employees they become timid and stop learning for themselves.,4 - Some preference for men,5,3,4,5,5,5,3,5,5,5,5,5,5,5,5,Agree,Agree,5,5,5,Yes,Bachelor’s degree,Female,35-44 years old,control,Monochronic,global_north,3/3/2022 19:44:10,5,very lovely,5,so excited about it,5,i really love the tasks,5,so cool,5,great,5,Very likely,Very likely,Very likely,Very likely,Very likely,Tasks,daily survey,all its cool,Yes,5,5,Agree,Agree,5,5,5,All so good and great
2/14/2022 4:04:22,fed4621fac27d78c8f49381bac8f708f,only_page_control,Monochronic,global_north,Poland,United Kingdom,Rarely,Often,Between 3 and 6 months,Once or twice a week,Strongly Agree,Strongly Agree,Strongly Agree,Strongly Agree,Strongly Agree,understood,Chrome,google search,Toloka forums,Galaxy Zoo,More than 2 and 3 years,5 - Totally Comfortable. Having hierarchies is normal. People should in general respect and obey their superiors to have success and do their work better.,4 - I believe more in individualism.,3 - Evenly split between the two extremes.,3 - Evenly split / Can't decide,2 - Some emotional display at work is normal.,4 - With effort anyone can rise in the world.,4 - I'm a good leader,4 - Close supervision better.,3 - Evenly split between the two extremes.,4,4,4,5,3,5,,3,3,4,2,2,1,5,4,Neutral,Strongly Agree,5,5,5,No,Master’s degree,Female,35-44 years old,control,Monochronic,global_north,3/8/2022 13:51:21,5,I couldn't work with this plugin.,1,I couldn't work with the plugin.,1,I couldn't work with the plugin.,5,No experience.,5,,5,Likely,Likely,Likely,Likely,Likely,The look.,None.,None.,Yes,5,5,Strongly disagree,Strongly agree,5,5,5,
2/15/2022 4:25:49,a57b9a17c9858bffce5a1145b4f20a5,only_page_control,Monochronic,global_north,United States,United States,Often,Sometimes,Between 6 months and 1 year,Less than once a week,Agree,Agree,Agree,Strongly Agree,Strongly Agree,understood,Chrome,google search,redditt,,Between 1 and 2 years,2 - I feel more comfortable NOT working within hierarchies and an authority.,"1 - My neighbors, colleagues, and friends are all part of my extended family, we are just like fingers on one hand.  We all owe a duty to each other.",3 - Evenly split between the two extremes.,2 - Prefer open schedules and accept that some lateness is just part of my business,2 - Some emotional display at work is normal.,4 - With effort anyone can rise in the world.,2 - Not comfortable leading and would just as soon be a follower.,2 - Loose and trusting management is better.,3 - Evenly split between the two extremes.,1,2,5,4,2,5,,5,3,2,5,1,3,3,2,Neutral,Neutral,3,4,3,Yes,"High school graduate, diploma or the equivalent (for example: GED)",Female,25-34 years old,control,Monochronic,global_north,3/6/2022 20:13:55,2,I did use it but it would take me longer to actually remember it’s there,1,No effect,4,Made it a little easier,2,Just made it easier,3,They’re pretty good,1,Neutral,Very likely,Very likely,Very likely,Very likely,Alerts even if I’m not on the site,I forgot about it,Na,Yes,4,4,Strongly disagree,Slightly Agree,4,5,3,
2/15/2022 7:16:19,aba4811bb22b4020b58811c6536c5b,only_page_control,Monochronic,global_north,United Kingdom,Kenya,Sometimes,Always,Between 6 months and 1 year,From three to four days a week,Agree,Agree,Agree,Strongly Agree,Strongly Agree,understood,"Chrome, Yandex",Google translate,Toloka Global Community,,Never,4 - I feel more comfortable when working hierarchies and an authority.,2 - I believe more in collectivism or communitarianism.,"2 - Feel at home in loose, spontaneous, free-wheeling situations.",2 - Prefer open schedules and accept that some lateness is just part of my business,2 - Some emotional display at work is normal.,4 - With effort anyone can rise in the world.,3 - Evenly split / Can't decide,3 - Evenly split between the two extremes.,2 - Some preference for women,4,2,4,5,2,4,,5,3,5,4,3,4,4,4,Neutral,Slightly Agree,4,4,5,No,Bachelor’s degree,Male,18-24 years old,control,Monochronic,global_north,3/7/2022 1:42:55,3,It made me more indulged with the system,4,It made me make Time for new and I kept coming back for more,4,It made it easier and very interesting,4,I got to interact better with tasks,4,The alerts are real time so easy to access tasks when posted,3,Likely,Likely,Likely,Likely,Likely,Alerts,,,Yes,5,4,Strongly disagree,Agree,4,4,5,The plugin should be launched and intergrated with the app
2/17/2022 20:26:40,a3e9bf589f9faffb910dd7e9321bb,only_page_control,Monochronic,global_north,United States,United States,Always,Always,Between 1 and 3 months,Everyday,Strongly Agree,Strongly Agree,Agree,Strongly Agree,Strongly Agree,understood,"Chrome, Yandex","Google Chrome, Google translate, Yandex",neither,Amazon Mechanical Turk,More than 2 and 3 years,5 - Totally Comfortable. Having hierarchies is normal. People should in general respect and obey their superiors to have success and do their work better.,3 - Evenly split between the two extremes.,3 - Evenly split between the two extremes.,"5 - When I am at work I try to make every single minute count. Effective time-management and precise, disciplined scheduling are the hallmarks of the superior executive. Schedules are basic and essential tools for adults.",5 - I never display emotion or anger at work. People who shout and cry at work are just acting like babies. Emotion can be absolutely fatal at work and can destroy years of work in an instant.,"5 - Success is purely a matter of desire, effort and discipline. There is no such thing as bad luck. Anybody can rise to unexpected levels of success if they simply believe in themselves and devote themselves unceasingly to work, work, work.",4 - I'm a good leader,4 - Close supervision better.,3 - Evenly split between the two extremes.,4,3,5,4,4,5,,5,3,5,2,3,1,5,4,Neutral,Strongly Agree,5,5,5,Yes,"High school graduate, diploma or the equivalent (for example: GED)",Male,25-34 years old,control,Monochronic,global_north,3/7/2022 7:41:22,5,Very good,5,I love it,5,Amazing,5,Is awesome,5,Is very simple,5,Very likely,Very likely,Very likely,Very likely,Likely,The surveys,The alerts,Nothing for me all is good do it,Yes,5,4,Strongly disagree,Strongly agree,5,5,5,Yours help me so much
2/17/2022 23:44:56,ae62c4917bdddad787863edc33a78323,only_page_control,Monochronic,global_north,United States,United States,Often,Rarely,Less than a month,From five to six days a week,Agree,Agree,Disagree,Agree,Agree,understood,Chrome,none,none,,Never,4 - I feel more comfortable when working hierarchies and an authority.,3 - Evenly split between the two extremes.,"2 - Feel at home in loose, spontaneous, free-wheeling situations.",2 - Prefer open schedules and accept that some lateness is just part of my business,4 - Emotion is inappropriate at work.,"2 - The constraints of socio-economic status, inherited capital and biology are very strong, and the influence of luck or fate is often the key factor in a person or a company's success.",4 - I'm a good leader,3 - Evenly split between the two extremes.,4 - Some preference for men,1,1,4,2,4,5,,5,5,5,1,3,1,4,3,Neutral,Agree,3,3,,No,Bachelor’s degree,Female,18-24 years old,control,Monochronic,global_north,3/6/2022 20:55:28,3,It didn’t seem like it prioritized any tasks that weren’t already showing up in the recommended section on the home page,2,I don’t think I used it enough for it to change my schedule,1,"It didn’t make the experience any easier or more difficult either, no effect",2,It showed the same tasks that I normally would chose from the home page anyway,1,"I didn’t receive any alerts from the plugin so I’m not sure, but this would’ve been a helpful feature if I got it to work",3,Likely,Very likely,Very likely,Very likely,Very likely,,,"That it could show up with chrome extensions next to the chrome search bar, instead of only being visible on the Toloka site",Yes,3,2,Strongly disagree,Slightly Agree,2,5,4,
2/20/2022 8:56:25,f03c3079231dcac6d32d0803ac36b1e,only_page_control,Monochronic,global_south,Ukraine,Russia,Always,Sometimes,More than 3 years,Everyday,Strongly Agree,Strongly Agree,Strongly Agree,Strongly Agree,Strongly Agree,understand,"Chrome, Opera, Microsoft Edge",Не использую,Не обсуждаю,,More than 3 years,4 - I feel more comfortable when working hierarchies and an authority.,4 - I believe more in individualism.,3 - Evenly split between the two extremes.,3 - Evenly split / Can't decide,3 - Evenly split / Can't decide,"1 - Success is largely a matter of fate, environment, inherited genetic talents, and fortune. Those people who claim success is due to desire and discipline don't understand how fortunate they were to be born with desire and discipline.",2 - Not comfortable leading and would just as soon be a follower.,3 - Evenly split between the two extremes.,4 - Some preference for men,5,5,2,5,5,5,,5,4,1,5,1,1,5,5,Neutral,Slightly Agree,5,5,3,No,Master’s degree,Male,45-54 years old,control,Monochronic,global_south,3/6/2022 23:19:36,3,Я не заметил изменений,3,ничего не поменялось,3,ничего не поменялось,3,ничего не поменялось,3,ничего не поменялось,3,Neutral,Neutral,Neutral,Neutral,Neutral,,,пока не знаю,Yes,5,5,Strongly disagree,Strongly agree,5,5,3,
2/13/2022 10:15:13,14bd46b7588fe4d5cbf6e470c053f1,only_page_control,Polychronic,global_south,Georgia,United States,Often,Often,Between 1 and 3 months,Once or twice a week,Agree,Neutral,Agree,Agree,Strongly Agree,Understood,Chrome,Google search engine,I don't discuss toloka with anyone,,Never,5 - Totally Comfortable. Having hierarchies is normal. People should in general respect and obey their superiors to have success and do their work better.,4 - I believe more in individualism.,3 - Evenly split between the two extremes.,"5 - When I am at work I try to make every single minute count. Effective time-management and precise, disciplined scheduling are the hallmarks of the superior executive. Schedules are basic and essential tools for adults.",5 - I never display emotion or anger at work. People who shout and cry at work are just acting like babies. Emotion can be absolutely fatal at work and can destroy years of work in an instant.,4 - With effort anyone can rise in the world.,3 - Evenly split / Can't decide,3 - Evenly split between the two extremes.,2 - Some preference for women,4,2,4,3,5,4,,5,3,5,2,2,4,5,5,Neutral,Agree,5,5,4,Yes,"Some college credit, no degree",Female,35-44 years old,control,Polychronic,global_south,3/10/2022 13:31:13,2,I didn't notice a change,1,No change,1,No difference,1,Nothing different noticed,1,Didn't get alerts,3,Neutral,Neutral,Neutral,Neutral,Neutral,I didn't notice anything,Feel like I missed out on a new experience,Add alerts,Yes,5,5,Strongly disagree,Agree,5,5,1,None at this time except I would like to participate again
2/13/2022 11:18:18,366e1afb12cbcaacc407b5ecd4de411,only_page_control,Polychronic,global_south,India,India,Always,Often,Between 1 and 2 years,Everyday,Agree,Strongly Agree,Strongly Agree,Strongly Agree,Strongly Agree,understood,"Chrome, edge","Grammar assistance, translation software",I use google forms as a forum,Amazon Mechanical Turk,Between 1 and 3 months,5 - Totally Comfortable. Having hierarchies is normal. People should in general respect and obey their superiors to have success and do their work better.,3 - Evenly split between the two extremes.,5 - I have the next several years of my life meticulously planned. My daily schedule runs with the regularity of a Swiss train. Life always should have basic rules of discipline that civilized people must adhere to.,"5 - When I am at work I try to make every single minute count. Effective time-management and precise, disciplined scheduling are the hallmarks of the superior executive. Schedules are basic and essential tools for adults.",2 - Some emotional display at work is normal.,"5 - Success is purely a matter of desire, effort and discipline. There is no such thing as bad luck. Anybody can rise to unexpected levels of success if they simply believe in themselves and devote themselves unceasingly to work, work, work.","5 - I am a natural born leader. Everywhere I go, I end up as the leader. If you want things to be done right, you should just make me the boss immediately. I am also extremely modest.","5 - One who constantly intervenes, verifies, evaluates and corrects the work of subordinates. If employees do not know that an extremely demanding and meticulous boss is watching their every step, they tend to get lazy and sloppy.",3 - Evenly split between the two extremes.,4,3,4,4,4,5,,5,4,4,4,4,2,5,4,Neutral,Slightly Agree,4,5,5,No,"Some college credit, no degree",Male,18-24 years old,control,Polychronic,global_south,3/4/2022 0:46:07,4,I keep on checking the extension bar to see if more work and new tasks are added or not . It helps me a lot to check whenever i want with keeping focus on my work.,5,It helped me to work more whenever new tasks are added.,5,I enjoy working on toloka with the extension added . It helped me to enjoy also.,5,It helped me save my time of going to toloka every time to check new tasks,3,Alerts are something i Dont able to see.,5,Very likely,Very likely,Very likely,Very likely,Very likely,I like the layout of separating the new tasks price task categorization with very beautiful layout.,I think the color combination can be better like more dark color in the extension can be added.,I want to see more priced tasks and color combination and alerts should function properly for new tasks,Yes,5,5,Strongly disagree,Strongly agree,5,5,5,I overall liked the concept of extension and want to see more new tasks genuinely on regular basis
2/14/2022 4:35:50,14186a8954f5b2a95eea7e1b520615b,only_page_control,Polychronic,global_south,Saudi Arabia,Botswana,Never,Never,Between 6 months and 1 year,Once or twice a week,Disagree,Disagree,Agree,Agree,Agree,understood,Chrome,chrome,searching google,Amazon Mechanical Turk,More than 2 and 3 years,5 - Totally Comfortable. Having hierarchies is normal. People should in general respect and obey their superiors to have success and do their work better.,2 - I believe more in collectivism or communitarianism.,4 - Preference for a very high degree of organization and planning,2 - Prefer open schedules and accept that some lateness is just part of my business,2 - Some emotional display at work is normal.,"5 - Success is purely a matter of desire, effort and discipline. There is no such thing as bad luck. Anybody can rise to unexpected levels of success if they simply believe in themselves and devote themselves unceasingly to work, work, work.",4 - I'm a good leader,4 - Close supervision better.,4 - Some preference for men,3,3,3,4,2,4,,4,2,3,3,3,5,2,3,Neutral,Agree,3,4,5,No,Bachelor’s degree,Male,45-54 years old,control,Polychronic,global_south,3/7/2022 6:13:30,2,it wasnt that helpful at all.,2,didnt notice much difference,2,not much,2,not at all,2,not at all,4,Likely,Likely,Neutral,Neutral,Neutral,that it paid some extra money - kidly change the cell phone requirement for logging in.,not at all,"it should show some tasks with big pay checks. Because everything is punitive , 0.02 dollar , which is a joke in fact.",Yes,2,1,Strongly disagree,Slightly Disagree,2,4,1,"PLease include tasks which pays well , unlike offering 0.01 dollar a task , and also remove cell phone identification method. Especially if someone like me who travels a lot , cannot participate untill im back home ."
2/17/2022 0:39:32,722bb352b3fb06fba6b2c381d46d1c,only_page_control,Polychronic,global_south,Ghana,Ghana,Always,Often,Between 1 and 2 years,Everyday,Strongly Agree,Strongly Agree,Strongly Agree,Strongly Agree,Strongly Agree,understood,"Chrome, Firefox, Opera, Yandex",google translate,Trendi.com and bizdustry.com,"Amazon Mechanical Turk, Galaxy Zoo",Between 1 and 3 months,5 - Totally Comfortable. Having hierarchies is normal. People should in general respect and obey their superiors to have success and do their work better.,"1 - My neighbors, colleagues, and friends are all part of my extended family, we are just like fingers on one hand.  We all owe a duty to each other.",5 - I have the next several years of my life meticulously planned. My daily schedule runs with the regularity of a Swiss train. Life always should have basic rules of discipline that civilized people must adhere to.,"5 - When I am at work I try to make every single minute count. Effective time-management and precise, disciplined scheduling are the hallmarks of the superior executive. Schedules are basic and essential tools for adults.","1 - I do get angry when necessary with subordinates, colleagues, customers, or even strangers. Sometimes in life the only way to get people to understand that you're serious is to raise your voice and pound the table.","5 - Success is purely a matter of desire, effort and discipline. There is no such thing as bad luck. Anybody can rise to unexpected levels of success if they simply believe in themselves and devote themselves unceasingly to work, work, work.",1 - I am extremely reluctant to be a leader and have no ambition for leadership. I don't want all that responsibility. I don't mind if someone else is the leader.,"5 - One who constantly intervenes, verifies, evaluates and corrects the work of subordinates. If employees do not know that an extremely demanding and meticulous boss is watching their every step, they tend to get lazy and sloppy.",3 - Evenly split between the two extremes.,5,3,5,5,4,5,,4,2,5,3,5,1,5,5,Neutral,Strongly Agree,5,5,5,Yes,"High school graduate, diploma or the equivalent (for example: GED)",Male,25-34 years old,control,Polychronic,global_south,2/20/2022 21:27:32,4,"The plugin gave and alerted me whenever there was new tasks and notify me about them and that really helped in knowing what task i will do next and what tasks are available, generally i do all the types of tasks and so the plugin make my work easier.",4,"Normally when you're completing a task unless you're done with that task before you can go back and see what other tasks are available but with the plugin it notifies you on new tasks and that makes it easier to know your schedules and whether you got time for other tasks or not, it also shows you everything in terms of how much time you would need to complete each task.",4,The plugin even made it better and easier for me.,4,"The interfaces was very unique and stylish, which made working in toloka very simple and efficient.",4,Very useful except that it was notifying me about some task that i already and some of the tasks that i get notification don't really work.,4,Very likely,Very likely,Very likely,Very likely,Very likely,I love how the plugin was browser inbuilt and how it don't really interferes and affect your work in other aspects.,"The notifications, it pops up too many time when new tasks are available",It was would just two notifications that would pop up instead 3 or 4 when a new task is available.,Yes,5,4,Strongly disagree,Agree,5,5,5,I think that so far so good the plugin was better and it made working in toloka simple.
2/17/2022 20:33:45,b0a991f13fe81c98b9eb531d38fd448,only_page_control,Polychronic,global_south,Morocco,United States,Always,Sometimes,Less than a month,Everyday,Strongly Agree,Strongly Agree,Disagree,Strongly Agree,Strongly Agree,understood,"Chrome, edge",sometimes google traduction,i don't,,Between 1 and 2 years,5 - Totally Comfortable. Having hierarchies is normal. People should in general respect and obey their superiors to have success and do their work better.,2 - I believe more in collectivism or communitarianism.,"1 - I NEVER waste time trying to plan my days, my life, my vacations or even what I am going to wear. I never worry about the future. My life has worked out great this way, though I can't remember exactly where I live.",1 - I don't plan anything. I just show up. It is important to be able to deal with disruptions and delays without getting upset. People who are addicted to clocks and schedules are unhealthy.,4 - Emotion is inappropriate at work.,4 - With effort anyone can rise in the world.,4 - I'm a good leader,4 - Close supervision better.,1 - l strongly prefer working with women.,1,2,5,3,3,5,,3,4,5,2,1,4,5,4,Neutral,Strongly Agree,5,5,5,No,Bachelor’s degree,Male,18-24 years old,control,Polychronic,global_south,3/4/2022 16:10:28,2,"it didn't change a lot , but i feel good when receive notificationabout receiving my daily bonus",1,it didn't change a lot,1,i just like when receiving notifications,1,nothing to say,5,the alert works great,5,Very likely,Very likely,Very likely,Neutral,Neutral,"notification , i love to receive it when daily bonus comes","i like daily bonus , i love to collect money","i dont want to remove or add anything , i think its perfect",Yes,5,4,Strongly disagree,Strongly agree,5,5,3,no i don't have anything to say
2/17/2022 4:31:35,e094d7cb29f028d3c41f133cf9de1bb1,only_page_control,Polychronic,global_south,Dominican Republic,United States,Often,Always,Between 6 months and 1 year,Once or twice a week,Strongly Agree,Agree,Strongly Agree,Strongly Agree,Strongly Agree,understood,Chrome,My smartphone and laptop,"Sorry, I haven't talked about tolaka in forums",,Never,5 - Totally Comfortable. Having hierarchies is normal. People should in general respect and obey their superiors to have success and do their work better.,2 - I believe more in collectivism or communitarianism.,3 - Evenly split between the two extremes.,"5 - When I am at work I try to make every single minute count. Effective time-management and precise, disciplined scheduling are the hallmarks of the superior executive. Schedules are basic and essential tools for adults.",5 - I never display emotion or anger at work. People who shout and cry at work are just acting like babies. Emotion can be absolutely fatal at work and can destroy years of work in an instant.,"5 - Success is purely a matter of desire, effort and discipline. There is no such thing as bad luck. Anybody can rise to unexpected levels of success if they simply believe in themselves and devote themselves unceasingly to work, work, work.",4 - I'm a good leader,"5 - One who constantly intervenes, verifies, evaluates and corrects the work of subordinates. If employees do not know that an extremely demanding and meticulous boss is watching their every step, they tend to get lazy and sloppy.",3 - Evenly split between the two extremes.,1,2,5,5,2,4,,3,4,5,1,5,2,5,3,Neutral,Slightly Agree,4,5,4,No,Bachelor’s degree,Female,18-24 years old,control,Polychronic,global_south,3/5/2022 20:47:57,4,It was interesting since before working with the plugin I did not receive notifications of my favorite tasks and to be able to see in a better way what tasks I have pending to do.,3,"No, I kept working the same hours. In that part I did not change.",4,It was a different way of viewing to-dos and favorites for me. Also customize the plugin according to my needs.,4,There were circumstances that I could see tasks that I had not previously been aware of.,5,"It shows the tasks in an organized way and allows you to customize how many tasks to show, I really would like it to be a change that remains and evolves more and more.",3,Very likely,Very likely,Very likely,Very likely,Likely,"Allows you to customize how many tasks to show, I really would like it to be a change that remains and evolves more and more.",That certain days I stop receiving notifications but I understand that the plugin is in beta and instability is normal.,"That the design be even more friendly, that is, more striking and obvious that they continue to add functionalities.",Yes,4,3,Strongly disagree,Agree,4,5,5,"My experience with Toloka has been good. Regarding the use of the plugin, I like the initiative of the team to integrate this type of tools, keep it up and get more updates."
2/18/2022 12:26:24,9bad799cf48774d6d0a6f9d3d5eb1ce,only_page_control,Polychronic,global_south,Brazil,Brazil,Always,Always,Between 6 months and 1 year,From five to six days a week,Strongly Agree,Strongly Agree,Strongly Agree,Strongly Agree,Strongly Agree,understood,Chrome,Google translator and maps.,I don't visit any forum.,,Never,2 - I feel more comfortable NOT working within hierarchies and an authority.,3 - Evenly split between the two extremes.,4 - Preference for a very high degree of organization and planning,2 - Prefer open schedules and accept that some lateness is just part of my business,4 - Emotion is inappropriate at work.,4 - With effort anyone can rise in the world.,3 - Evenly split / Can't decide,2 - Loose and trusting management is better.,3 - Evenly split between the two extremes.,2,4,5,5,2,5,,4,4,5,4,4,1,5,3,Neutral,Strongly Agree,5,5,4,No,"Some college credit, no degree",Male,25-34 years old,control,Polychronic,global_south,3/3/2022 12:08:48,3,"I haven't used the plugin much, though it helped me to see the tasks.",1,The plugin hasn't created new work schedules so far.,4,It kind of helped me to enjoy more my work on Toloka because I was able to see the tasks better.,3,"It has created some experience, but I think it takes more time to know it better.",5,It's very useful because I think the more alerts I have the better.,4,Very likely,Very likely,Very likely,Very likely,Very likely,The alerts were my favorite thing because I could see the tasks more rapidly.,I didn't like when it was inactivated.,Give me a call or send me an sms when a favorite task was available.,Yes,5,4,Strongly disagree,Agree,5,5,4,I want to participate in more projects. Thank you!
2/18/2022 13:05:36,684e25e7922cebd2b298db387aa86b,only_page_control,Polychronic,global_south,Algeria,Algeria,Often,Often,Less than a month,Everyday,Agree,Neutral,Agree,Strongly Agree,Strongly Agree,understood,Opera,google,google,,Less than a month,3 -  Can't Decide (Don't know if I like hierarchies and authority).,3 - Evenly split between the two extremes.,3 - Evenly split between the two extremes.,4 - Prefer tight schedules and no tolerance for lateness.,3 - Evenly split / Can't decide,4 - With effort anyone can rise in the world.,3 - Evenly split / Can't decide,3 - Evenly split between the two extremes.,3 - Evenly split between the two extremes.,2,3,4,2,5,4,,4,3,5,3,5,4,4,4,Neutral,Slightly Agree,4,5,3,Yes,"Some college credit, no degree",Male,18-24 years old,control,Polychronic,global_south,3/4/2022 8:26:17,2,didn't realy changed that mush for me,2,my work schedules in tolaka was the same,3,the plugin was a  good idea,2,the tool was fun,4,good,2,Neutral,Likely,Likely,Likely,Likely,how is was Easy to reach it,how is was Easy to reach it,nothing,Yes,4,4,Strongly disagree,Slightly Disagree,3,5,3,
2/18/2022 13:13:29,732db8b6b7c6daeb4e36ab82758b9e42,only_page_control,Polychronic,global_south,Tanzania,Tanzania,Always,Often,Between 1 and 3 months,Everyday,Agree,Strongly Agree,Agree,Strongly Agree,Strongly Agree,understood,"Opera, edge","google translate, google ",r/toloka (reddit),,Never,4 - I feel more comfortable when working hierarchies and an authority.,4 - I believe more in individualism.,"2 - Feel at home in loose, spontaneous, free-wheeling situations.",2 - Prefer open schedules and accept that some lateness is just part of my business,3 - Evenly split / Can't decide,"2 - The constraints of socio-economic status, inherited capital and biology are very strong, and the influence of luck or fate is often the key factor in a person or a company's success.",4 - I'm a good leader,1 - One who trusts employees to do their jobs as well as they can and who intervenes only when he/she is asked for help or when there is a major problem to solve. If you always micro-manage your employees they become timid and stop learning for themselves.,3 - Evenly split between the two extremes.,1,1,4,5,2,4,,5,5,4,3,2,4,4,5,Neutral,Slighly Disagree,5,5,4,No,"High school graduate, diploma or the equivalent (for example: GED)",Male,18-24 years old,control,Polychronic,global_south,3/6/2022 22:14:32,2,"Nothing much has changed except for the notifications I get, which are helpful.",1,I still complete tasks whenever i'm able to.,2,"The tasks available are still the same, nothing has changed. not many tasks.",3,It allowed for the possibility of giving feedback to Toloka.,4,You don't have to manually check for tasks.,3,Likely,Likely,Likely,Likely,Unlikely,Giving feedback about whether or not I am satisfied with the tasks I do.,Nothing. It was all good.,"Nothing, it was quite helpful.",Yes,5,5,Strongly disagree,Disagree,4,5,4,"Toloka is great, but it would be much better if there were more tasks, and the payment increased a tiny bit."
2/18/2022 13:29:18,559cbf8dad41224391887f67b67777f6,only_page_control,Polychronic,global_south,Kenya,Kenya,Always,Always,Between 1 and 2 years,From five to six days a week,Disagree,Disagree,Agree,Strongly Agree,Strongly Agree,understood'',Chrome,none,reddit,,Never,3 -  Can't Decide (Don't know if I like hierarchies and authority).,"1 - My neighbors, colleagues, and friends are all part of my extended family, we are just like fingers on one hand.  We all owe a duty to each other.","2 - Feel at home in loose, spontaneous, free-wheeling situations.",3 - Evenly split / Can't decide,2 - Some emotional display at work is normal.,4 - With effort anyone can rise in the world.,4 - I'm a good leader,1 - One who trusts employees to do their jobs as well as they can and who intervenes only when he/she is asked for help or when there is a major problem to solve. If you always micro-manage your employees they become timid and stop learning for themselves.,3 - Evenly split between the two extremes.,3,5,5,4,3,4,,5,3,5,5,4,3,5,5,Neutral,Neutral,5,5,3,Yes,Master’s degree,Female,35-44 years old,control,Polychronic,global_south,3/7/2022 2:41:03,5,very effective at getting tasks,5,very effective,5,new way at looking at it,5,very effective,5,right on point and in time,5,Very likely,Likely,Likely,Very likely,Very likely,"the pop up alerts ,I got to know what activities i can per take in",nothing it was a god experience,its okay the way it is,Yes,5,5,Strongly disagree,Strongly agree,5,5,5,very good survey skill